{"main":["equalize.js","equalize.css"],"options":[{"name":"maxWidth","type":"string","default":"'Infinity'","description":"Width at which to auto-disable plugin"},{"name":"minWidth","type":"string","default":"'0'","description":"Width at which to auto-disable plugin"},{"name":"property","type":"string","default":"\"height\"","description":"Property to size; 'height' or 'width'"},{"name":"target","type":"string","default":"null","description":"Target child selector"}],"events":[],"methods":[{"name":"defaults","description":"Extends plugin default settings; effects instances created hereafter.","params":[{"name":"options","type":"object","default":"{}","description":"New plugin defaults"}],"examples":["$.equalize(\"defaults\", { ... });"]},{"name":"destroy","description":"Removes plugin instance.","examples":["$(\".target\").equalize(\"destroy\");"]},{"name":"disable","description":"Disables instance of plugin","examples":["$(\".target\").equalize(\"disable\");"]},{"name":"enable","description":"Enables instance of plugin","examples":["$(\".target\").equalize(\"enable\");"]}],"name":"Equalize","type":"widget","description":"A jQuery plugin for equal dimensions.","dependencies":["core.js","mediaquery.js"],"css":[{"name":".fs-equalize-element","type":"element","description":"Target Element"}],"use":"### Basic\n\nBy default, Equalize will set the height of an element's children to the largest of the group:\n\n```javascript\n$(\".target\").equalize();\n```\n\n```markup\n<div class=\"target\">\n\t<div>...</div>\n\t<div>...</div>\n\t<div>...</div>\n</div>\n```\n\n### Targets\n\nSpecify a valid `target` selector to equalize specific child elements:\n\n```javascript\n$(\".target\").equalize({\n\ttarget: \".child\"\n});\n```\n\n```markup\n<div class=\"target\">\n\t<div>\n\t\t<p class=\"child\">...</p>\n\t</div>\n\t<div>\n\t\t<p class=\"child\">...</p>\n\t</div>\n\t<div>\n\t\t<p class=\"child\">...</p>\n\t</div>\n</div>\n```\n\n### Width\n\nSet the `protperty` to width to Equalize the widths of elements, rather than heights:\n\n```javascript\n$(\".target\").equalize({\n\tproperty: \"width\"\n});\n```","demo":"<style>\r\n\t.equalize_target { background: #eee; margin-bottom: 10px; padding: 15px; }\r\n\t.equalize_target p { margin: 0; }\r\n\t.equalize_child { background: #ccc; }\r\n</style>\r\n\r\n<script>\r\n\t$(function() {\r\n\t\t$(\".equalize\").equalize();\r\n\t});\r\n</script>\r\n\r\n<h4>Basic</h4>\r\n<div class=\"fs-row equalize\">\r\n\t<div class=\"fs-cell fs-all-third equalize_target\">\r\n\t\t<p>Lorem ipsum dolor sit amet, consectetur adipiscing elit. Lorem ipsum dolor sit amet, consectetur adipiscing elit. Donec id elit non mi porta gravida at eget metus. Aenean lacinia bibendum nulla sed consectetur. Donec id elit non mi porta gravida at eget metus.</p>\r\n\t</div>\r\n\t<div class=\"fs-cell fs-all-third equalize_target\">\r\n\t\t<p>Vivamus sagittis lacus vel augue laoreet rutrum faucibus dolor auctor. Aenean eu leo quam. Pellentesque ornare sem lacinia quam venenatis vestibulum. Cras mattis consectetur purus sit amet fermentum.</p>\r\n\t</div>\r\n\t<div class=\"fs-cell fs-all-third equalize_target\">\r\n\t\t<p>Lorem ipsum dolor sit amet, consectetur adipiscing elit. Nullam quis risus eget urna mollis ornare vel eu leo. Fusce dapibus, tellus ac cursus commodo, tortor mauris condimentum nibh, ut fermentum massa justo sit amet risus. Cum sociis natoque penatibus et magnis dis parturient montes, nascetur ridiculus mus.</p>\r\n\t</div>\r\n</div>\r\n\r\n<h4>Min Width</h4>\r\n<div class=\"fs-row equalize\" data-equalize-options='{\"minWidth\":\"740px\"}'>\r\n\t<div class=\"fs-cell fs-sm-full fs-md-third fs-lg-third equalize_target\">\r\n\t\t<p>Vivamus sagittis lacus vel augue laoreet rutrum faucibus dolor auctor. Aenean eu leo quam. Pellentesque ornare sem lacinia quam venenatis vestibulum. Cras mattis consectetur purus sit amet fermentum.</p>\r\n\t</div>\r\n\t<div class=\"fs-cell fs-sm-full fs-md-third fs-lg-third equalize_target\">\r\n\t\t<p>Vivamus sagittis lacus vel augue laoreet rutrum faucibus dolor auctor. Aenean eu leo quam. Pellentesque ornare sem lacinia quam venenatis vestibulum. Cras mattis consectetur purus sit amet fermentum.</p>\r\n\t</div>\r\n\t<div class=\"fs-cell fs-sm-full fs-md-third fs-lg-third equalize_target\">\r\n\t\t<p>Lorem ipsum dolor sit amet, consectetur adipiscing elit. Nullam quis risus eget urna mollis ornare vel eu leo. Fusce dapibus, tellus ac cursus commodo, tortor mauris condimentum nibh, ut fermentum massa justo sit amet risus. Cum sociis natoque penatibus et magnis dis parturient montes, nascetur ridiculus mus.</p>\r\n\t</div>\r\n</div>\r\n\r\n<h4>Children</h4>\r\n<div class=\"fs-row equalize\" data-equalize-options='{\"target\":\".equalize_child\"}'>\r\n\t<div class=\"fs-cell fs-all-third equalize_target\">\r\n\t\t<p class=\"equalize_child\">Vivamus sagittis lacus vel augue laoreet rutrum faucibus dolor auctor. Aenean eu leo quam. Pellentesque ornare sem lacinia quam venenatis vestibulum. Cras mattis consectetur purus sit amet fermentum.</p>\r\n\t</div>\r\n\t<div class=\"fs-cell fs-all-third equalize_target\">\r\n\t\t<p class=\"equalize_child\">Lorem ipsum dolor sit amet, consectetur adipiscing elit. Nullam quis risus eget urna mollis ornare vel eu leo. Fusce dapibus, tellus ac cursus commodo, tortor mauris condimentum nibh, ut fermentum massa justo sit amet risus. Cum sociis natoque penatibus et magnis dis parturient montes, nascetur ridiculus mus.</p>\r\n\t</div>\r\n\t<div class=\"fs-cell fs-all-third equalize_target\">\r\n\t\t<p class=\"equalize_child\">Lorem ipsum dolor sit amet, consectetur adipiscing elit. Lorem ipsum dolor sit amet, consectetur adipiscing elit. Donec id elit non mi porta gravida at eget metus. Aenean lacinia bibendum nulla sed consectetur. Donec id elit non mi porta gravida at eget metus.</p>\r\n\t</div>\r\n</div>"}