{"main":["pagination.js","pagination.css"],"options":[{"name":"ajax","type":"boolean","default":"false","description":"Flag to disable default click actions"},{"name":"customClass","type":"string","default":"''","description":"Class applied to instance"},{"name":"labels.close","type":"string","default":"'Close'","description":"Close button text"},{"name":"labels.count","type":"string","default":"'of'","description":"Gallery count separator text"},{"name":"labels.next","type":"string","default":"'Next'","description":"Gallery control text"},{"name":"labels.previous","type":"string","default":"'Previous'","description":"Gallery control text"},{"name":"maxWidth","type":"string","default":"'980px'","description":"Width at which to auto-disable plugin"},{"name":"visible","type":"int","default":"2","description":"Visible pages before and after current page"}],"events":[{"name":"update.pagination","description":"Page updated"}],"methods":[{"name":"defaults","description":"Extends plugin default settings; effects instances created hereafter.","params":[{"name":"options","type":"object","default":"{}","description":"New plugin defaults"}],"examples":["$.pagination(\"defaults\", { ... });"]},{"name":"destroy","description":"Removes plugin instance.","examples":["$(\".target\").pagination(\"destroy\");"]},{"name":"jump","description":"Jump instance of plugin to specific page","examples":["$(\".target\").pagination(\"jump\", 1);"]}],"name":"Pagination","type":"widget","description":"A jQuery plugin for simple pagination.","dependencies":["core.js","mediaquery.js"],"css":[{"name":".fs-pagination-element","type":"element","description":"Target elmement"},{"name":".fs-pagination","type":"element","description":"Base widget class"},{"name":".fs-pagination.fs-pagination-mobile","type":"modifier","description":"Indicates mobile display"},{"name":".fs-pagination","type":"element","description":"Pages container"},{"name":".fs-pagination-page","type":"element","description":"Page element"},{"name":".fs-pagination-ellipsis","type":"element","description":"Ellipsis element"},{"name":".fs-pagination-page.fs-pagination-active","type":"modifier","description":"Indicates active page"},{"name":".fs-pagination-page.fs-pagination-first","type":"modifier","description":"Indicates first page"},{"name":".fs-pagination-page.fs-pagination-last","type":"modifier","description":"Indicates last page"},{"name":".fs-pagination-page.fs-pagination-visible","type":"modifier","description":"Indicates visible page"},{"name":".fs-pagination-control","type":"element","description":"Pagination button"},{"name":".fs-pagination-control.fs-pagination-control_previous","type":"modifier","description":"Indicates previous control"},{"name":".fs-pagination-control.fs-pagination-control_next","type":"modifier","description":"Indicates next control"},{"name":".fs-pagination-position","type":"element","description":"Mobile position indicator"},{"name":".fs-pagination-select","type":"element","description":"Mobile page dropdown"}],"use":"### Basic\n\n","demo":"<style>\r\n\t.fs-pagination-page.fs-pagination-active { font-weight: 700; }\r\n</style>\r\n\r\n<script>\r\n\t$(function() {\r\n\t\t$(\".pagination\").pagination();\r\n\t});\r\n</script>\r\n\r\n<h4>Basic</h4>\r\n<nav class=\"pagination\">\r\n\t<a href=\"#1\">1</a>\r\n\t<a href=\"#2\">2</a>\r\n\t<a href=\"#3\">3</a>\r\n\t<a href=\"#4\">4</a>\r\n\t<a href=\"#5\">5</a>\r\n\t<a href=\"#6\">6</a>\r\n\t<a href=\"#7\">7</a>\r\n\t<a href=\"#8\">8</a>\r\n\t<a href=\"#9\">9</a>\r\n\t<a href=\"#10\">10</a>\r\n</nav>"}